Name,Color,Cost,Type,Rarity
Accuracy,GREEN,1,POWER,UNCOMMON
Accuracy+,GREEN,1,POWER,UNCOMMON
Acrobatics,GREEN,1,SKILL,COMMON
Acrobatics+,GREEN,1,SKILL,COMMON
Adrenaline,GREEN,0,SKILL,RARE
Adrenaline+,GREEN,0,SKILL,RARE
After Image,GREEN,1,POWER,RARE
After Image+,GREEN,1,POWER,RARE
Venomology,GREEN,1,SKILL,RARE
Venomology+,GREEN,0,SKILL,RARE
All Out Attack,GREEN,1,ATTACK,UNCOMMON
All Out Attack+,GREEN,1,ATTACK,UNCOMMON
A Thousand Cuts,GREEN,2,POWER,RARE
A Thousand Cuts+,GREEN,2,POWER,RARE
Backflip,GREEN,1,SKILL,COMMON
Backflip+,GREEN,1,SKILL,COMMON
Backstab,GREEN,0,ATTACK,UNCOMMON
Backstab+,GREEN,0,ATTACK,UNCOMMON
Bane,GREEN,1,ATTACK,COMMON
Bane+,GREEN,1,ATTACK,COMMON
Blade Dance,GREEN,1,SKILL,COMMON
Blade Dance+,GREEN,1,SKILL,COMMON
Blur,GREEN,1,SKILL,UNCOMMON
Blur+,GREEN,1,SKILL,UNCOMMON
Bouncing Flask,GREEN,2,SKILL,UNCOMMON
Bouncing Flask+,GREEN,2,SKILL,UNCOMMON
Bullet Time,GREEN,3,SKILL,RARE
Bullet Time+,GREEN,2,SKILL,RARE
Burst,GREEN,1,SKILL,RARE
Burst+,GREEN,1,SKILL,RARE
Calculated Gamble,GREEN,0,SKILL,UNCOMMON
Calculated Gamble+,GREEN,0,SKILL,UNCOMMON
Caltrops,GREEN,1,POWER,UNCOMMON
Caltrops+,GREEN,1,POWER,UNCOMMON
Catalyst,GREEN,1,SKILL,UNCOMMON
Catalyst+,GREEN,1,SKILL,UNCOMMON
Choke,GREEN,2,ATTACK,UNCOMMON
Choke+,GREEN,2,ATTACK,UNCOMMON
Cloak And Dagger,GREEN,1,SKILL,COMMON
Cloak And Dagger+,GREEN,1,SKILL,COMMON
Concentrate,GREEN,0,SKILL,UNCOMMON
Concentrate+,GREEN,0,SKILL,UNCOMMON
Corpse Explosion,GREEN,2,SKILL,RARE
Corpse Explosion+,GREEN,2,SKILL,RARE
Crippling Poison,GREEN,2,SKILL,UNCOMMON
Crippling Poison+,GREEN,2,SKILL,UNCOMMON
Dagger Spray,GREEN,1,ATTACK,COMMON
Dagger Spray+,GREEN,1,ATTACK,COMMON
Dagger Throw,GREEN,1,ATTACK,COMMON
Dagger Throw+,GREEN,1,ATTACK,COMMON
Dash,GREEN,2,ATTACK,UNCOMMON
Dash+,GREEN,2,ATTACK,UNCOMMON
Deadly Poison,GREEN,1,SKILL,COMMON
Deadly Poison+,GREEN,1,SKILL,COMMON
Defend_G,GREEN,1,SKILL,BASIC
Defend_G+,GREEN,1,SKILL,BASIC
Deflect,GREEN,0,SKILL,COMMON
Deflect+,GREEN,0,SKILL,COMMON
Die Die Die,GREEN,1,ATTACK,RARE
Die Die Die+,GREEN,1,ATTACK,RARE
Distraction,GREEN,1,SKILL,UNCOMMON
Distraction+,GREEN,0,SKILL,UNCOMMON
Dodge and Roll,GREEN,1,SKILL,COMMON
Dodge and Roll+,GREEN,1,SKILL,COMMON
Doppelganger,GREEN,-1,SKILL,RARE
Doppelganger+,GREEN,-1,SKILL,RARE
Endless Agony,GREEN,0,ATTACK,UNCOMMON
Endless Agony+,GREEN,0,ATTACK,UNCOMMON
Envenom,GREEN,2,POWER,RARE
Envenom+,GREEN,1,POWER,RARE
Escape Plan,GREEN,0,SKILL,UNCOMMON
Escape Plan+,GREEN,0,SKILL,UNCOMMON
Eviscerate,GREEN,3,ATTACK,UNCOMMON
Eviscerate+,GREEN,3,ATTACK,UNCOMMON
Expertise,GREEN,1,SKILL,UNCOMMON
Expertise+,GREEN,1,SKILL,UNCOMMON
Finisher,GREEN,1,ATTACK,UNCOMMON
Finisher+,GREEN,1,ATTACK,UNCOMMON
Flechettes,GREEN,1,ATTACK,UNCOMMON
Flechettes+,GREEN,1,ATTACK,UNCOMMON
Flying Knee,GREEN,1,ATTACK,COMMON
Flying Knee+,GREEN,1,ATTACK,COMMON
Footwork,GREEN,1,POWER,UNCOMMON
Footwork+,GREEN,1,POWER,UNCOMMON
Glass Knife,GREEN,1,ATTACK,RARE
Glass Knife+,GREEN,1,ATTACK,RARE
Grand Finale,GREEN,0,ATTACK,RARE
Grand Finale+,GREEN,0,ATTACK,RARE
Heel Hook,GREEN,1,ATTACK,UNCOMMON
Heel Hook+,GREEN,1,ATTACK,UNCOMMON
Infinite Blades,GREEN,1,POWER,UNCOMMON
Infinite Blades+,GREEN,1,POWER,UNCOMMON
Leg Sweep,GREEN,2,SKILL,UNCOMMON
Leg Sweep+,GREEN,2,SKILL,UNCOMMON
Malaise,GREEN,-1,SKILL,RARE
Malaise+,GREEN,-1,SKILL,RARE
Masterful Stab,GREEN,0,ATTACK,UNCOMMON
Masterful Stab+,GREEN,0,ATTACK,UNCOMMON
Neutralize,GREEN,0,ATTACK,BASIC
Neutralize+,GREEN,0,ATTACK,BASIC
Night Terror,GREEN,3,SKILL,RARE
Night Terror+,GREEN,2,SKILL,RARE
Noxious Fumes,GREEN,1,POWER,UNCOMMON
Noxious Fumes+,GREEN,1,POWER,UNCOMMON
Outmaneuver,GREEN,1,SKILL,COMMON
Outmaneuver+,GREEN,1,SKILL,COMMON
Phantasmal Killer,GREEN,1,SKILL,RARE
Phantasmal Killer+,GREEN,0,SKILL,RARE
PiercingWail,GREEN,1,SKILL,COMMON
PiercingWail+,GREEN,1,SKILL,COMMON
Poisoned Stab,GREEN,1,ATTACK,COMMON
Poisoned Stab+,GREEN,1,ATTACK,COMMON
Predator,GREEN,2,ATTACK,UNCOMMON
Predator+,GREEN,2,ATTACK,UNCOMMON
Prepared,GREEN,0,SKILL,COMMON
Prepared+,GREEN,0,SKILL,COMMON
Quick Slash,GREEN,1,ATTACK,COMMON
Quick Slash+,GREEN,1,ATTACK,COMMON
Reflex,GREEN,-2,SKILL,UNCOMMON
Reflex+,GREEN,-2,SKILL,UNCOMMON
Riddle With Holes,GREEN,2,ATTACK,UNCOMMON
Riddle With Holes+,GREEN,2,ATTACK,UNCOMMON
Setup,GREEN,1,SKILL,UNCOMMON
Setup+,GREEN,0,SKILL,UNCOMMON
Skewer,GREEN,-1,ATTACK,UNCOMMON
Skewer+,GREEN,-1,ATTACK,UNCOMMON
Slice,GREEN,0,ATTACK,COMMON
Slice+,GREEN,0,ATTACK,COMMON
Underhanded Strike,GREEN,2,ATTACK,COMMON
Underhanded Strike+,GREEN,2,ATTACK,COMMON
Storm of Steel,GREEN,1,SKILL,RARE
Storm of Steel+,GREEN,1,SKILL,RARE
Strike_G,GREEN,1,ATTACK,BASIC
Strike_G+,GREEN,1,ATTACK,BASIC
Sucker Punch,GREEN,1,ATTACK,COMMON
Sucker Punch+,GREEN,1,ATTACK,COMMON
Survivor,GREEN,1,SKILL,BASIC
Survivor+,GREEN,1,SKILL,BASIC
Tactician,GREEN,-2,SKILL,UNCOMMON
Tactician+,GREEN,-2,SKILL,UNCOMMON
Terror,GREEN,1,SKILL,UNCOMMON
Terror+,GREEN,0,SKILL,UNCOMMON
Tools of the Trade,GREEN,1,POWER,RARE
Tools of the Trade+,GREEN,0,POWER,RARE
Unload,GREEN,1,ATTACK,RARE
Unload+,GREEN,1,ATTACK,RARE
Well Laid Plans,GREEN,1,POWER,UNCOMMON
Well Laid Plans+,GREEN,1,POWER,UNCOMMON
Wraith Form v2,GREEN,3,POWER,RARE
Wraith Form v2+,GREEN,3,POWER,RARE
Anger,RED,0,ATTACK,COMMON
Anger+,RED,0,ATTACK,COMMON
Armaments,RED,1,SKILL,COMMON
Armaments+,RED,1,SKILL,COMMON
Barricade,RED,3,POWER,RARE
Barricade+,RED,2,POWER,RARE
Bash,RED,2,ATTACK,BASIC
Bash+,RED,2,ATTACK,BASIC
Battle Trance,RED,0,SKILL,UNCOMMON
Battle Trance+,RED,0,SKILL,UNCOMMON
Berserk,RED,0,POWER,RARE
Berserk+,RED,0,POWER,RARE
Blood for Blood,RED,4,ATTACK,UNCOMMON
Blood for Blood+,RED,3,ATTACK,UNCOMMON
Bloodletting,RED,0,SKILL,UNCOMMON
Bloodletting+,RED,0,SKILL,UNCOMMON
Bludgeon,RED,3,ATTACK,RARE
Bludgeon+,RED,3,ATTACK,RARE
Body Slam,RED,1,ATTACK,COMMON
Body Slam+,RED,0,ATTACK,COMMON
Brutality,RED,0,POWER,RARE
Brutality+,RED,0,POWER,RARE
Burning Pact,RED,1,SKILL,UNCOMMON
Burning Pact+,RED,1,SKILL,UNCOMMON
Carnage,RED,2,ATTACK,UNCOMMON
Carnage+,RED,2,ATTACK,UNCOMMON
Clash,RED,0,ATTACK,COMMON
Clash+,RED,0,ATTACK,COMMON
Cleave,RED,1,ATTACK,COMMON
Cleave+,RED,1,ATTACK,COMMON
Clothesline,RED,2,ATTACK,COMMON
Clothesline+,RED,2,ATTACK,COMMON
Combust,RED,1,POWER,UNCOMMON
Combust+,RED,1,POWER,UNCOMMON
Corruption,RED,3,POWER,RARE
Corruption+,RED,2,POWER,RARE
Dark Embrace,RED,2,POWER,UNCOMMON
Dark Embrace+,RED,1,POWER,UNCOMMON
Defend_R,RED,1,SKILL,BASIC
Defend_R+,RED,1,SKILL,BASIC
Demon Form,RED,3,POWER,RARE
Demon Form+,RED,3,POWER,RARE
Disarm,RED,1,SKILL,UNCOMMON
Disarm+,RED,1,SKILL,UNCOMMON
Double Tap,RED,1,SKILL,RARE
Double Tap+,RED,1,SKILL,RARE
Dropkick,RED,1,ATTACK,UNCOMMON
Dropkick+,RED,1,ATTACK,UNCOMMON
Dual Wield,RED,1,SKILL,UNCOMMON
Dual Wield+,RED,1,SKILL,UNCOMMON
Entrench,RED,2,SKILL,UNCOMMON
Entrench+,RED,1,SKILL,UNCOMMON
Evolve,RED,1,POWER,UNCOMMON
Evolve+,RED,1,POWER,UNCOMMON
Exhume,RED,1,SKILL,RARE
Exhume+,RED,0,SKILL,RARE
Feed,RED,1,ATTACK,RARE
Feed+,RED,1,ATTACK,RARE
Feel No Pain,RED,1,POWER,UNCOMMON
Feel No Pain+,RED,1,POWER,UNCOMMON
Fiend Fire,RED,2,ATTACK,RARE
Fiend Fire+,RED,2,ATTACK,RARE
Fire Breathing,RED,1,POWER,UNCOMMON
Fire Breathing+,RED,1,POWER,UNCOMMON
Flame Barrier,RED,2,SKILL,UNCOMMON
Flame Barrier+,RED,2,SKILL,UNCOMMON
Flex,RED,0,SKILL,COMMON
Flex+,RED,0,SKILL,COMMON
Ghostly Armor,RED,1,SKILL,UNCOMMON
Ghostly Armor+,RED,1,SKILL,UNCOMMON
Havoc,RED,1,SKILL,COMMON
Havoc+,RED,0,SKILL,COMMON
Headbutt,RED,1,ATTACK,COMMON
Headbutt+,RED,1,ATTACK,COMMON
Heavy Blade,RED,2,ATTACK,COMMON
Heavy Blade+,RED,2,ATTACK,COMMON
Hemokinesis,RED,1,ATTACK,UNCOMMON
Hemokinesis+,RED,1,ATTACK,UNCOMMON
Immolate,RED,2,ATTACK,RARE
Immolate+,RED,2,ATTACK,RARE
Impervious,RED,2,SKILL,RARE
Impervious+,RED,2,SKILL,RARE
Infernal Blade,RED,1,SKILL,UNCOMMON
Infernal Blade+,RED,0,SKILL,UNCOMMON
Inflame,RED,1,POWER,UNCOMMON
Inflame+,RED,1,POWER,UNCOMMON
Intimidate,RED,0,SKILL,UNCOMMON
Intimidate+,RED,0,SKILL,UNCOMMON
Iron Wave,RED,1,ATTACK,COMMON
Iron Wave+,RED,1,ATTACK,COMMON
Juggernaut,RED,2,POWER,RARE
Juggernaut+,RED,2,POWER,RARE
Limit Break,RED,1,SKILL,RARE
Limit Break+,RED,1,SKILL,RARE
Metallicize,RED,1,POWER,UNCOMMON
Metallicize+,RED,1,POWER,UNCOMMON
Offering,RED,0,SKILL,RARE
Offering+,RED,0,SKILL,RARE
Perfected Strike,RED,2,ATTACK,COMMON
Perfected Strike+,RED,2,ATTACK,COMMON
Pommel Strike,RED,1,ATTACK,COMMON
Pommel Strike+,RED,1,ATTACK,COMMON
Power Through,RED,1,SKILL,UNCOMMON
Power Through+,RED,1,SKILL,UNCOMMON
Pummel,RED,1,ATTACK,UNCOMMON
Pummel+,RED,1,ATTACK,UNCOMMON
Rage,RED,0,SKILL,UNCOMMON
Rage+,RED,0,SKILL,UNCOMMON
Rampage,RED,1,ATTACK,UNCOMMON
Rampage+,RED,1,ATTACK,UNCOMMON
Reaper,RED,2,ATTACK,RARE
Reaper+,RED,2,ATTACK,RARE
Reckless Charge,RED,0,ATTACK,UNCOMMON
Reckless Charge+,RED,0,ATTACK,UNCOMMON
Rupture,RED,1,POWER,UNCOMMON
Rupture+,RED,1,POWER,UNCOMMON
Searing Blow,RED,2,ATTACK,UNCOMMON
Searing Blow+,RED,2,ATTACK,UNCOMMON
Second Wind,RED,1,SKILL,UNCOMMON
Second Wind+,RED,1,SKILL,UNCOMMON
Seeing Red,RED,1,SKILL,UNCOMMON
Seeing Red+,RED,0,SKILL,UNCOMMON
Sentinel,RED,1,SKILL,UNCOMMON
Sentinel+,RED,1,SKILL,UNCOMMON
Sever Soul,RED,2,ATTACK,UNCOMMON
Sever Soul+,RED,2,ATTACK,UNCOMMON
Shockwave,RED,2,SKILL,UNCOMMON
Shockwave+,RED,2,SKILL,UNCOMMON
Shrug It Off,RED,1,SKILL,COMMON
Shrug It Off+,RED,1,SKILL,COMMON
Spot Weakness,RED,1,SKILL,UNCOMMON
Spot Weakness+,RED,1,SKILL,UNCOMMON
Strike_R,RED,1,ATTACK,BASIC
Strike_R+,RED,1,ATTACK,BASIC
Sword Boomerang,RED,1,ATTACK,COMMON
Sword Boomerang+,RED,1,ATTACK,COMMON
Thunderclap,RED,1,ATTACK,COMMON
Thunderclap+,RED,1,ATTACK,COMMON
True Grit,RED,1,SKILL,COMMON
True Grit+,RED,1,SKILL,COMMON
Twin Strike,RED,1,ATTACK,COMMON
Twin Strike+,RED,1,ATTACK,COMMON
Uppercut,RED,2,ATTACK,UNCOMMON
Uppercut+,RED,2,ATTACK,UNCOMMON
Warcry,RED,0,SKILL,COMMON
Warcry+,RED,0,SKILL,COMMON
Whirlwind,RED,-1,ATTACK,UNCOMMON
Whirlwind+,RED,-1,ATTACK,UNCOMMON
Wild Strike,RED,1,ATTACK,COMMON
Wild Strike+,RED,1,ATTACK,COMMON
Apotheosis,COLORLESS,2,SKILL,RARE
Apotheosis+,COLORLESS,1,SKILL,RARE
Ghostly,COLORLESS,1,SKILL,SPECIAL
Ghostly+,COLORLESS,1,SKILL,SPECIAL
Bandage Up,COLORLESS,0,SKILL,UNCOMMON
Bandage Up+,COLORLESS,0,SKILL,UNCOMMON
Bite,COLORLESS,1,ATTACK,SPECIAL
Bite+,COLORLESS,1,ATTACK,SPECIAL
Blind,COLORLESS,0,SKILL,UNCOMMON
Blind+,COLORLESS,0,SKILL,UNCOMMON
Chrysalis,COLORLESS,2,SKILL,RARE
Chrysalis+,COLORLESS,2,SKILL,RARE
Dark Shackles,COLORLESS,0,SKILL,UNCOMMON
Dark Shackles+,COLORLESS,0,SKILL,UNCOMMON
Deep Breath,COLORLESS,0,SKILL,UNCOMMON
Deep Breath+,COLORLESS,0,SKILL,UNCOMMON
Discovery,COLORLESS,1,SKILL,UNCOMMON
Discovery+,COLORLESS,1,SKILL,UNCOMMON
Dramatic Entrance,COLORLESS,0,ATTACK,UNCOMMON
Dramatic Entrance+,COLORLESS,0,ATTACK,UNCOMMON
Enlightenment,COLORLESS,0,SKILL,UNCOMMON
Enlightenment+,COLORLESS,0,SKILL,UNCOMMON
Finesse,COLORLESS,0,SKILL,UNCOMMON
Finesse+,COLORLESS,0,SKILL,UNCOMMON
Flash of Steel,COLORLESS,0,ATTACK,UNCOMMON
Flash of Steel+,COLORLESS,0,ATTACK,UNCOMMON
Forethought,COLORLESS,0,SKILL,UNCOMMON
Forethought+,COLORLESS,0,SKILL,UNCOMMON
Good Instincts,COLORLESS,0,SKILL,UNCOMMON
Good Instincts+,COLORLESS,0,SKILL,UNCOMMON
HandOfGreed,COLORLESS,2,ATTACK,RARE
HandOfGreed+,COLORLESS,2,ATTACK,RARE
Impatience,COLORLESS,0,SKILL,UNCOMMON
Impatience+,COLORLESS,0,SKILL,UNCOMMON
Jack Of All Trades,COLORLESS,0,SKILL,UNCOMMON
Jack Of All Trades+,COLORLESS,0,SKILL,UNCOMMON
J.A.X.,COLORLESS,0,SKILL,SPECIAL
J.A.X.+,COLORLESS,0,SKILL,SPECIAL
Madness,COLORLESS,1,SKILL,UNCOMMON
Madness+,COLORLESS,0,SKILL,UNCOMMON
Magnetism,COLORLESS,2,POWER,RARE
Magnetism+,COLORLESS,1,POWER,RARE
Master of Strategy,COLORLESS,0,SKILL,RARE
Master of Strategy+,COLORLESS,0,SKILL,RARE
Mayhem,COLORLESS,2,POWER,RARE
Mayhem+,COLORLESS,1,POWER,RARE
Metamorphosis,COLORLESS,2,SKILL,RARE
Metamorphosis+,COLORLESS,2,SKILL,RARE
Mind Blast,COLORLESS,2,ATTACK,UNCOMMON
Mind Blast+,COLORLESS,1,ATTACK,UNCOMMON
Panacea,COLORLESS,0,SKILL,UNCOMMON
Panacea+,COLORLESS,0,SKILL,UNCOMMON
Panache,COLORLESS,0,POWER,RARE
Panache+,COLORLESS,0,POWER,RARE
PanicButton,COLORLESS,0,SKILL,UNCOMMON
PanicButton+,COLORLESS,0,SKILL,UNCOMMON
Purity,COLORLESS,0,SKILL,UNCOMMON
Purity+,COLORLESS,0,SKILL,UNCOMMON
RitualDagger,COLORLESS,1,ATTACK,SPECIAL
RitualDagger+,COLORLESS,1,ATTACK,SPECIAL
Sadistic Nature,COLORLESS,0,POWER,RARE
Sadistic Nature+,COLORLESS,0,POWER,RARE
Secret Technique,COLORLESS,0,SKILL,RARE
Secret Technique+,COLORLESS,0,SKILL,RARE
Secret Weapon,COLORLESS,0,SKILL,RARE
Secret Weapon+,COLORLESS,0,SKILL,RARE
Swift Strike,COLORLESS,0,ATTACK,UNCOMMON
Swift Strike+,COLORLESS,0,ATTACK,UNCOMMON
The Bomb,COLORLESS,2,SKILL,RARE
The Bomb+,COLORLESS,2,SKILL,RARE
Thinking Ahead,COLORLESS,0,SKILL,RARE
Thinking Ahead+,COLORLESS,0,SKILL,RARE
Transmutation,COLORLESS,-1,SKILL,RARE
Transmutation+,COLORLESS,-1,SKILL,RARE
Trip,COLORLESS,0,SKILL,UNCOMMON
Trip+,COLORLESS,0,SKILL,UNCOMMON
Violence,COLORLESS,0,SKILL,RARE
Violence+,COLORLESS,0,SKILL,RARE
Aggregate,BLUE,1,SKILL,UNCOMMON
Aggregate+,BLUE,1,SKILL,UNCOMMON
All For One,BLUE,2,ATTACK,RARE
All For One+,BLUE,2,ATTACK,RARE
Amplify,BLUE,1,SKILL,RARE
Amplify+,BLUE,1,SKILL,RARE
Auto Shields,BLUE,1,SKILL,UNCOMMON
Auto Shields+,BLUE,1,SKILL,UNCOMMON
Ball Lightning,BLUE,1,ATTACK,COMMON
Ball Lightning+,BLUE,1,ATTACK,COMMON
Barrage,BLUE,1,ATTACK,COMMON
Barrage+,BLUE,1,ATTACK,COMMON
Beam Cell,BLUE,0,ATTACK,COMMON
Beam Cell+,BLUE,0,ATTACK,COMMON
Biased Cognition,BLUE,1,POWER,RARE
Biased Cognition+,BLUE,1,POWER,RARE
Blizzard,BLUE,1,ATTACK,UNCOMMON
Blizzard+,BLUE,1,ATTACK,UNCOMMON
BootSequence,BLUE,0,SKILL,UNCOMMON
BootSequence+,BLUE,0,SKILL,UNCOMMON
Buffer,BLUE,2,POWER,RARE
Buffer+,BLUE,2,POWER,RARE
Capacitor,BLUE,1,POWER,UNCOMMON
Capacitor+,BLUE,1,POWER,UNCOMMON
Chaos,BLUE,1,SKILL,UNCOMMON
Chaos+,BLUE,1,SKILL,UNCOMMON
Chill,BLUE,0,SKILL,UNCOMMON
Chill+,BLUE,0,SKILL,UNCOMMON
Gash,BLUE,0,ATTACK,COMMON
Gash+,BLUE,0,ATTACK,COMMON
Cold Snap,BLUE,1,ATTACK,COMMON
Cold Snap+,BLUE,1,ATTACK,COMMON
Compile Driver,BLUE,1,ATTACK,COMMON
Compile Driver+,BLUE,1,ATTACK,COMMON
Conserve Battery,BLUE,1,SKILL,COMMON
Conserve Battery+,BLUE,1,SKILL,COMMON
Consume,BLUE,2,SKILL,UNCOMMON
Consume+,BLUE,2,SKILL,UNCOMMON
Coolheaded,BLUE,1,SKILL,COMMON
Coolheaded+,BLUE,1,SKILL,COMMON
Core Surge,BLUE,1,ATTACK,RARE
Core Surge+,BLUE,1,ATTACK,RARE
Creative AI,BLUE,3,POWER,RARE
Creative AI+,BLUE,2,POWER,RARE
Darkness,BLUE,1,SKILL,UNCOMMON
Darkness+,BLUE,1,SKILL,UNCOMMON
Defend_B,BLUE,1,SKILL,BASIC
Defend_B+,BLUE,1,SKILL,BASIC
Defragment,BLUE,1,POWER,UNCOMMON
Defragment+,BLUE,1,POWER,UNCOMMON
Doom and Gloom,BLUE,2,ATTACK,UNCOMMON
Doom and Gloom+,BLUE,2,ATTACK,UNCOMMON
Double Energy,BLUE,1,SKILL,UNCOMMON
Double Energy+,BLUE,0,SKILL,UNCOMMON
Dualcast,BLUE,1,SKILL,BASIC
Dualcast+,BLUE,0,SKILL,BASIC
Echo Form,BLUE,3,POWER,RARE
Echo Form+,BLUE,3,POWER,RARE
Electrodynamics,BLUE,2,POWER,RARE
Electrodynamics+,BLUE,2,POWER,RARE
Undo,BLUE,2,SKILL,UNCOMMON
Undo+,BLUE,2,SKILL,UNCOMMON
Fission,BLUE,0,SKILL,RARE
Fission+,BLUE,0,SKILL,RARE
Force Field,BLUE,4,SKILL,UNCOMMON
Force Field+,BLUE,4,SKILL,UNCOMMON
FTL,BLUE,0,ATTACK,UNCOMMON
FTL+,BLUE,0,ATTACK,UNCOMMON
Fusion,BLUE,2,SKILL,UNCOMMON
Fusion+,BLUE,1,SKILL,UNCOMMON
Genetic Algorithm,BLUE,1,SKILL,UNCOMMON
Genetic Algorithm+,BLUE,1,SKILL,UNCOMMON
Glacier,BLUE,2,SKILL,UNCOMMON
Glacier+,BLUE,2,SKILL,UNCOMMON
Go for the Eyes,BLUE,0,ATTACK,COMMON
Go for the Eyes+,BLUE,0,ATTACK,COMMON
Heatsinks,BLUE,1,POWER,UNCOMMON
Heatsinks+,BLUE,1,POWER,UNCOMMON
Hello World,BLUE,1,POWER,UNCOMMON
Hello World+,BLUE,1,POWER,UNCOMMON
Hologram,BLUE,1,SKILL,COMMON
Hologram+,BLUE,1,SKILL,COMMON
Hyperbeam,BLUE,2,ATTACK,RARE
Hyperbeam+,BLUE,2,ATTACK,RARE
Impulse,BLUE,1,SKILL,UNCOMMON
Impulse+,BLUE,1,SKILL,UNCOMMON
Leap,BLUE,1,SKILL,COMMON
Leap+,BLUE,1,SKILL,COMMON
Lockon,BLUE,1,ATTACK,UNCOMMON
Lockon+,BLUE,1,ATTACK,UNCOMMON
Loop,BLUE,1,POWER,UNCOMMON
Loop+,BLUE,1,POWER,UNCOMMON
Machine Learning,BLUE,1,POWER,RARE
Machine Learning+,BLUE,1,POWER,RARE
Melter,BLUE,1,ATTACK,UNCOMMON
Melter+,BLUE,1,ATTACK,UNCOMMON
Meteor Strike,BLUE,5,ATTACK,RARE
Meteor Strike+,BLUE,5,ATTACK,RARE
Multi-Cast,BLUE,-1,SKILL,RARE
Multi-Cast+,BLUE,-1,SKILL,RARE
Steam Power,BLUE,0,SKILL,UNCOMMON
Steam Power+,BLUE,0,SKILL,UNCOMMON
Rainbow,BLUE,2,SKILL,RARE
Rainbow+,BLUE,2,SKILL,RARE
Reboot,BLUE,0,SKILL,RARE
Reboot+,BLUE,0,SKILL,RARE
Rebound,BLUE,1,ATTACK,COMMON
Rebound+,BLUE,1,ATTACK,COMMON
Redo,BLUE,1,SKILL,COMMON
Redo+,BLUE,0,SKILL,COMMON
Recycle,BLUE,1,SKILL,UNCOMMON
Recycle+,BLUE,0,SKILL,UNCOMMON
Reinforced Body,BLUE,-1,SKILL,UNCOMMON
Reinforced Body+,BLUE,-1,SKILL,UNCOMMON
Reprogram,BLUE,1,SKILL,UNCOMMON
Reprogram+,BLUE,1,SKILL,UNCOMMON
Rip and Tear,BLUE,1,ATTACK,UNCOMMON
Rip and Tear+,BLUE,1,ATTACK,UNCOMMON
Scrape,BLUE,1,ATTACK,UNCOMMON
Scrape+,BLUE,1,ATTACK,UNCOMMON
Seek,BLUE,0,SKILL,RARE
Seek+,BLUE,0,SKILL,RARE
Self Repair,BLUE,1,POWER,UNCOMMON
Self Repair+,BLUE,1,POWER,UNCOMMON
Skim,BLUE,1,SKILL,UNCOMMON
Skim+,BLUE,1,SKILL,UNCOMMON
Stack,BLUE,1,SKILL,COMMON
Stack+,BLUE,1,SKILL,COMMON
Static Discharge,BLUE,1,POWER,UNCOMMON
Static Discharge+,BLUE,1,POWER,UNCOMMON
Steam,BLUE,0,SKILL,COMMON
Steam+,BLUE,0,SKILL,COMMON
Storm,BLUE,1,POWER,UNCOMMON
Storm+,BLUE,1,POWER,UNCOMMON
Streamline,BLUE,2,ATTACK,COMMON
Streamline+,BLUE,2,ATTACK,COMMON
Strike_B,BLUE,1,ATTACK,BASIC
Strike_B+,BLUE,1,ATTACK,BASIC
Sunder,BLUE,3,ATTACK,UNCOMMON
Sunder+,BLUE,3,ATTACK,UNCOMMON
Sweeping Beam,BLUE,1,ATTACK,COMMON
Sweeping Beam+,BLUE,1,ATTACK,COMMON
Tempest,BLUE,-1,SKILL,UNCOMMON
Tempest+,BLUE,-1,SKILL,UNCOMMON
Thunder Strike,BLUE,3,ATTACK,RARE
Thunder Strike+,BLUE,3,ATTACK,RARE
Turbo,BLUE,0,SKILL,COMMON
Turbo+,BLUE,0,SKILL,COMMON
White Noise,BLUE,1,SKILL,UNCOMMON
White Noise+,BLUE,0,SKILL,UNCOMMON
Zap,BLUE,1,SKILL,BASIC
Zap+,BLUE,0,SKILL,BASIC
Alpha,PURPLE,1,SKILL,RARE
Alpha+,PURPLE,1,SKILL,RARE
BattleHymn,PURPLE,1,POWER,UNCOMMON
BattleHymn+,PURPLE,1,POWER,UNCOMMON
Blasphemy,PURPLE,1,SKILL,RARE
Blasphemy+,PURPLE,1,SKILL,RARE
BowlingBash,PURPLE,1,ATTACK,COMMON
BowlingBash+,PURPLE,1,ATTACK,COMMON
Brilliance,PURPLE,1,ATTACK,RARE
Brilliance+,PURPLE,1,ATTACK,RARE
CarveReality,PURPLE,1,ATTACK,UNCOMMON
CarveReality+,PURPLE,1,ATTACK,UNCOMMON
Collect,PURPLE,-1,SKILL,UNCOMMON
Collect+,PURPLE,-1,SKILL,UNCOMMON
Conclude,PURPLE,1,ATTACK,UNCOMMON
Conclude+,PURPLE,1,ATTACK,UNCOMMON
ConjureBlade,PURPLE,-1,SKILL,RARE
ConjureBlade+,PURPLE,-1,SKILL,RARE
Consecrate,PURPLE,0,ATTACK,COMMON
Consecrate+,PURPLE,0,ATTACK,COMMON
Crescendo,PURPLE,1,SKILL,COMMON
Crescendo+,PURPLE,0,SKILL,COMMON
CrushJoints,PURPLE,1,ATTACK,COMMON
CrushJoints+,PURPLE,1,ATTACK,COMMON
CutThroughFate,PURPLE,1,ATTACK,COMMON
CutThroughFate+,PURPLE,1,ATTACK,COMMON
DeceiveReality,PURPLE,1,SKILL,UNCOMMON
DeceiveReality+,PURPLE,1,SKILL,UNCOMMON
Defend_P,PURPLE,1,SKILL,BASIC
Defend_P+,PURPLE,1,SKILL,BASIC
DeusExMachina,PURPLE,-2,SKILL,RARE
DeusExMachina+,PURPLE,-2,SKILL,RARE
DevaForm,PURPLE,3,POWER,RARE
DevaForm+,PURPLE,3,POWER,RARE
Devotion,PURPLE,1,POWER,RARE
Devotion+,PURPLE,1,POWER,RARE
Discipline,PURPLE,2,POWER,RARE
Discipline+,PURPLE,1,POWER,RARE
EmptyBody,PURPLE,1,SKILL,COMMON
EmptyBody+,PURPLE,1,SKILL,COMMON
EmptyFist,PURPLE,1,ATTACK,COMMON
EmptyFist+,PURPLE,1,ATTACK,COMMON
EmptyMind,PURPLE,1,SKILL,UNCOMMON
EmptyMind+,PURPLE,1,SKILL,UNCOMMON
Eruption,PURPLE,2,ATTACK,BASIC
Eruption+,PURPLE,1,ATTACK,BASIC
Establishment,PURPLE,1,POWER,RARE
Establishment+,PURPLE,1,POWER,RARE
Evaluate,PURPLE,1,SKILL,COMMON
Evaluate+,PURPLE,1,SKILL,COMMON
Fasting2,PURPLE,2,POWER,UNCOMMON
Fasting2+,PURPLE,2,POWER,UNCOMMON
FearNoEvil,PURPLE,1,ATTACK,UNCOMMON
FearNoEvil+,PURPLE,1,ATTACK,UNCOMMON
FlurryOfBlows,PURPLE,0,ATTACK,COMMON
FlurryOfBlows+,PURPLE,0,ATTACK,COMMON
FlyingSleeves,PURPLE,1,ATTACK,COMMON
FlyingSleeves+,PURPLE,1,ATTACK,COMMON
FollowUp,PURPLE,1,ATTACK,COMMON
FollowUp+,PURPLE,1,ATTACK,COMMON
ForeignInfluence,PURPLE,0,SKILL,UNCOMMON
ForeignInfluence+,PURPLE,0,SKILL,UNCOMMON
Wireheading,PURPLE,1,POWER,UNCOMMON
Wireheading+,PURPLE,1,POWER,UNCOMMON
Halt,PURPLE,0,SKILL,COMMON
Halt+,PURPLE,0,SKILL,COMMON
Indignation,PURPLE,1,SKILL,UNCOMMON
Indignation+,PURPLE,1,SKILL,UNCOMMON
InnerPeace,PURPLE,1,SKILL,UNCOMMON
InnerPeace+,PURPLE,1,SKILL,UNCOMMON
Judgement,PURPLE,1,SKILL,RARE
Judgement+,PURPLE,1,SKILL,RARE
JustLucky,PURPLE,0,ATTACK,COMMON
JustLucky+,PURPLE,0,ATTACK,COMMON
LessonLearned,PURPLE,2,ATTACK,RARE
LessonLearned+,PURPLE,2,ATTACK,RARE
LikeWater,PURPLE,1,POWER,UNCOMMON
LikeWater+,PURPLE,1,POWER,UNCOMMON
MasterReality,PURPLE,1,POWER,RARE
MasterReality+,PURPLE,0,POWER,RARE
Meditate,PURPLE,1,SKILL,UNCOMMON
Meditate+,PURPLE,1,SKILL,UNCOMMON
MentalFortress,PURPLE,1,POWER,UNCOMMON
MentalFortress+,PURPLE,1,POWER,UNCOMMON
Nirvana,PURPLE,1,POWER,UNCOMMON
Nirvana+,PURPLE,1,POWER,UNCOMMON
Omniscience,PURPLE,4,SKILL,RARE
Omniscience+,PURPLE,3,SKILL,RARE
Perseverance,PURPLE,1,SKILL,UNCOMMON
Perseverance+,PURPLE,1,SKILL,UNCOMMON
Pray,PURPLE,1,SKILL,UNCOMMON
Pray+,PURPLE,1,SKILL,UNCOMMON
PathToVictory,PURPLE,1,SKILL,COMMON
PathToVictory+,PURPLE,1,SKILL,COMMON
Prostrate,PURPLE,0,SKILL,COMMON
Prostrate+,PURPLE,0,SKILL,COMMON
Protect,PURPLE,2,SKILL,COMMON
Protect+,PURPLE,2,SKILL,COMMON
Ragnarok,PURPLE,3,ATTACK,RARE
Ragnarok+,PURPLE,3,ATTACK,RARE
ReachHeaven,PURPLE,2,ATTACK,UNCOMMON
ReachHeaven+,PURPLE,2,ATTACK,UNCOMMON
Adaptation,PURPLE,1,POWER,UNCOMMON
Adaptation+,PURPLE,0,POWER,UNCOMMON
Sanctity,PURPLE,1,SKILL,UNCOMMON
Sanctity+,PURPLE,1,SKILL,UNCOMMON
SandsOfTime,PURPLE,4,ATTACK,UNCOMMON
SandsOfTime+,PURPLE,4,ATTACK,UNCOMMON
SashWhip,PURPLE,1,ATTACK,COMMON
SashWhip+,PURPLE,1,ATTACK,COMMON
Scrawl,PURPLE,1,SKILL,RARE
Scrawl+,PURPLE,0,SKILL,RARE
SignatureMove,PURPLE,2,ATTACK,UNCOMMON
SignatureMove+,PURPLE,2,ATTACK,UNCOMMON
Vengeance,PURPLE,1,SKILL,UNCOMMON
Vengeance+,PURPLE,1,SKILL,UNCOMMON
SpiritShield,PURPLE,2,SKILL,RARE
SpiritShield+,PURPLE,2,SKILL,RARE
Strike_P,PURPLE,1,ATTACK,BASIC
Strike_P+,PURPLE,1,ATTACK,BASIC
Study,PURPLE,2,POWER,UNCOMMON
Study+,PURPLE,1,POWER,UNCOMMON
Swivel,PURPLE,2,SKILL,UNCOMMON
Swivel+,PURPLE,2,SKILL,UNCOMMON
TalkToTheHand,PURPLE,1,ATTACK,UNCOMMON
TalkToTheHand+,PURPLE,1,ATTACK,UNCOMMON
Tantrum,PURPLE,1,ATTACK,UNCOMMON
Tantrum+,PURPLE,1,ATTACK,UNCOMMON
ThirdEye,PURPLE,1,SKILL,COMMON
ThirdEye+,PURPLE,1,SKILL,COMMON
ClearTheMind,PURPLE,1,SKILL,COMMON
ClearTheMind+,PURPLE,0,SKILL,COMMON
Unraveling,PURPLE,2,SKILL,RARE
Unraveling+,PURPLE,1,SKILL,RARE
Vault,PURPLE,3,SKILL,RARE
Vault+,PURPLE,2,SKILL,RARE
Vigilance,PURPLE,2,SKILL,BASIC
Vigilance+,PURPLE,2,SKILL,BASIC
Wallop,PURPLE,2,ATTACK,UNCOMMON
Wallop+,PURPLE,2,ATTACK,UNCOMMON
WaveOfTheHand,PURPLE,1,SKILL,UNCOMMON
WaveOfTheHand+,PURPLE,1,SKILL,UNCOMMON
Weave,PURPLE,0,ATTACK,UNCOMMON
Weave+,PURPLE,0,ATTACK,UNCOMMON
WheelKick,PURPLE,2,ATTACK,UNCOMMON
WheelKick+,PURPLE,2,ATTACK,UNCOMMON
WindmillStrike,PURPLE,2,ATTACK,UNCOMMON
WindmillStrike+,PURPLE,2,ATTACK,UNCOMMON
Wish,PURPLE,3,SKILL,RARE
Wish+,PURPLE,3,SKILL,RARE
Worship,PURPLE,2,SKILL,UNCOMMON
Worship+,PURPLE,2,SKILL,UNCOMMON
WreathOfFlame,PURPLE,1,SKILL,UNCOMMON
WreathOfFlame+,PURPLE,1,SKILL,UNCOMMON
AscendersBane,CURSE,-2,CURSE,CURSE
Clumsy,CURSE,-2,CURSE,CURSE
CurseOfTheBell,CURSE,-2,CURSE,CURSE
Decay,CURSE,-2,CURSE,CURSE
Doubt,CURSE,-2,CURSE,CURSE
Injury,CURSE,-2,CURSE,CURSE
Necronomicurse,CURSE,-2,CURSE,CURSE
Normality,CURSE,-2,CURSE,CURSE
Pain,CURSE,-2,CURSE,CURSE
Parasite,CURSE,-2,CURSE,CURSE
Pride,CURSE,1,CURSE,CURSE
Regret,CURSE,-2,CURSE,CURSE
Shame,CURSE,-2,CURSE,CURSE
Writhe,CURSE,-2,CURSE,CURSE
